{
    "key": "group_5cd97cf6ab4d2",
    "title": "Página inicial",
    "fields": [
        {
            "key": "field_5ce291bea19a8",
            "label": "Menu superior",
            "name": "menu_superior",
            "type": "group",
            "instructions": "Menu superior ao menu principal (logo abaixo da barra do governo)",
            "required": 0,
            "conditional_logic": 0,
            "wrapper": {
                "width": "",
                "class": "",
                "id": ""
            },
            "layout": "block",
            "sub_fields": [
                {
                    "key": "field_5ce291fba19a9",
                    "label": "Página de Documentos",
                    "name": "pgdocumentos",
                    "type": "post_object",
                    "instructions": "",
                    "required": 0,
                    "conditional_logic": 0,
                    "wrapper": {
                        "width": "50",
                        "class": "",
                        "id": ""
                    },
                    "post_type": "",
                    "taxonomy": "",
                    "allow_null": 0,
                    "multiple": 0,
                    "return_format": "id",
                    "ui": 1
                },
                {
                    "key": "field_5ce29212a19aa",
                    "label": "Página de Ficha Técnica",
                    "name": "pgficha",
                    "type": "post_object",
                    "instructions": "",
                    "required": 0,
                    "conditional_logic": 0,
                    "wrapper": {
                        "width": "50",
                        "class": "",
                        "id": ""
                    },
                    "post_type": "",
                    "taxonomy": "",
                    "allow_null": 0,
                    "multiple": 0,
                    "return_format": "id",
                    "ui": 1
                }
            ]
        },
        {
            "key": "field_5cd97d0fa4e8c",
            "label": "Banner principal",
            "name": "banner_home",
            "type": "image_crop",
            "instructions": "Imagem principal do site. Fica em evidência na página inicial e acompanha como plano de fundo dos titulos das páginas internas.",
            "required": 0,
            "conditional_logic": 0,
            "wrapper": {
                "width": "",
                "class": "",
                "id": ""
            },
            "crop_type": "hard",
            "target_size": "banner_home",
            "width": "",
            "height": "",
            "preview_size": "banner_home",
            "force_crop": "yes",
            "save_in_media_library": "yes",
            "retina_mode": "no",
            "save_format": "url",
            "library": "all"
        },
        {
            "key": "field_5cdec86495bb3",
            "label": "Banners de chamada",
            "name": "banners_chamada",
            "type": "repeater",
            "instructions": "Área de banners de destaques da CAPES \/ UAB",
            "required": 0,
            "conditional_logic": 0,
            "wrapper": {
                "width": "",
                "class": "",
                "id": ""
            },
            "collapsed": "",
            "min": 0,
            "max": 0,
            "layout": "table",
            "button_label": "adicionar banner",
            "sub_fields": [
                {
                    "key": "field_5cdec8bb95bb4",
                    "label": "Imagem",
                    "name": "imagem",
                    "type": "image",
                    "instructions": "",
                    "required": 0,
                    "conditional_logic": 0,
                    "wrapper": {
                        "width": "",
                        "class": "",
                        "id": ""
                    },
                    "return_format": "url",
                    "preview_size": "medium",
                    "library": "all",
                    "min_width": "",
                    "min_height": "",
                    "min_size": "",
                    "max_width": "",
                    "max_height": "",
                    "max_size": "",
                    "mime_types": "jpg, jpeg, png, gif"
                },
                {
                    "key": "field_5cdeca0495bb5",
                    "label": "Link de destino",
                    "name": "destino",
                    "type": "url",
                    "instructions": "",
                    "required": 0,
                    "conditional_logic": 0,
                    "wrapper": {
                        "width": "",
                        "class": "",
                        "id": ""
                    },
                    "default_value": "",
                    "placeholder": ""
                }
            ]
        },
        {
            "key": "field_5ce28d3bb0fc9",
            "label": "Experiências",
            "name": "",
            "type": "message",
            "instructions": "",
            "required": 0,
            "conditional_logic": 0,
            "wrapper": {
                "width": "",
                "class": "",
                "id": ""
            },
            "message": "Informações sobre a área de Experiências da Equipe de Coordenadores UAB",
            "new_lines": "wpautop",
            "esc_html": 0
        },
        {
            "key": "field_5ce28da9af072",
            "label": "Video apresentação",
            "name": "experiencias_video",
            "type": "oembed",
            "instructions": "",
            "required": 0,
            "conditional_logic": 0,
            "wrapper": {
                "width": "50",
                "class": "",
                "id": ""
            },
            "width": "",
            "height": ""
        },
        {
            "key": "field_5ce28decaf073",
            "label": "Texto apresentação",
            "name": "experiencias_texto",
            "type": "group",
            "instructions": "",
            "required": 0,
            "conditional_logic": 0,
            "wrapper": {
                "width": "50",
                "class": "",
                "id": ""
            },
            "layout": "block",
            "sub_fields": [
                {
                    "key": "field_5ce28e01af074",
                    "label": "Título",
                    "name": "titulo",
                    "type": "text",
                    "instructions": "",
                    "required": 0,
                    "conditional_logic": 0,
                    "wrapper": {
                        "width": "",
                        "class": "",
                        "id": ""
                    },
                    "default_value": "",
                    "placeholder": "",
                    "prepend": "",
                    "append": "",
                    "maxlength": ""
                },
                {
                    "key": "field_5ce28e45af075",
                    "label": "Apresentação",
                    "name": "apresentacao",
                    "type": "textarea",
                    "instructions": "Apresentação presente tanto na página inicial quanto na lista de relatos.",
                    "required": 0,
                    "conditional_logic": 0,
                    "wrapper": {
                        "width": "",
                        "class": "",
                        "id": ""
                    },
                    "default_value": "",
                    "placeholder": "",
                    "maxlength": "",
                    "rows": 8,
                    "new_lines": "wpautop"
                }
            ]
        }
    ],
    "location": [
        [
            {
                "param": "post_template",
                "operator": "==",
                "value": "front-page.php"
            }
        ]
    ],
    "menu_order": 0,
    "position": "normal",
    "style": "seamless",
    "label_placement": "top",
    "instruction_placement": "label",
    "hide_on_screen": [
        "permalink",
        "the_content",
        "excerpt",
        "discussion",
        "comments",
        "revisions",
        "slug",
        "author",
        "format",
        "page_attributes",
        "featured_image",
        "categories",
        "tags",
        "send-trackbacks"
    ],
    "active": 1,
    "description": "",
    "modified": 1562597967
}