{
    "key": "group_5ce2aa8906b9f",
    "title": "Página de Evento",
    "fields": [
        {
            "key": "field_5ce2aa8f241bd",
            "label": "Data do evento",
            "name": "evento_data",
            "type": "date_time_picker",
            "instructions": "Selecione uma data e hora e confirme clicando no botão \"Pronto\".",
            "required": 0,
            "conditional_logic": 0,
            "wrapper": {
                "width": "",
                "class": "",
                "id": ""
            },
            "display_format": "d\/m\/Y H:i",
            "return_format": "Y-m-d H:i:s",
            "first_day": 0
        }
    ],
    "location": [
        [
            {
                "param": "post_type",
                "operator": "==",
                "value": "uabeventos"
            }
        ]
    ],
    "menu_order": 0,
    "position": "acf_after_title",
    "style": "default",
    "label_placement": "top",
    "instruction_placement": "label",
    "hide_on_screen": "",
    "active": 1,
    "description": "",
    "modified": 1558970091
}