{
    "key": "group_5ce2ac00c3b99",
    "title": "Página de Edital",
    "fields": [
        {
            "key": "field_5ce2acca5c6e5",
            "label": "Edital",
            "name": "edital",
            "type": "group",
            "instructions": "",
            "required": 0,
            "conditional_logic": 0,
            "wrapper": {
                "width": "",
                "class": "",
                "id": ""
            },
            "layout": "block",
            "sub_fields": [
                {
                    "key": "field_5ce2ac0c0401a",
                    "label": "Edital inicial",
                    "name": "edital_principal",
                    "type": "file",
                    "instructions": "",
                    "required": 0,
                    "conditional_logic": 0,
                    "wrapper": {
                        "width": "",
                        "class": "",
                        "id": ""
                    },
                    "return_format": "url",
                    "library": "all",
                    "min_size": "",
                    "max_size": "",
                    "mime_types": ""
                },
                {
                    "key": "field_5ce2ad175c6e6",
                    "label": "Editais complementares",
                    "name": "editais_complementares",
                    "type": "repeater",
                    "instructions": "",
                    "required": 0,
                    "conditional_logic": 0,
                    "wrapper": {
                        "width": "",
                        "class": "",
                        "id": ""
                    },
                    "collapsed": "",
                    "min": 0,
                    "max": 0,
                    "layout": "table",
                    "button_label": "Adicionar edital complementar",
                    "sub_fields": [
                        {
                            "key": "field_5ce2ad355c6e7",
                            "label": "Adicionar edital complementar",
                            "name": "complementar",
                            "type": "file",
                            "instructions": "",
                            "required": 0,
                            "conditional_logic": 0,
                            "wrapper": {
                                "width": "",
                                "class": "",
                                "id": ""
                            },
                            "return_format": "array",
                            "library": "all",
                            "min_size": "",
                            "max_size": "",
                            "mime_types": ""
                        }
                    ]
                }
            ]
        },
        {
            "key": "field_5ce2ada3dbba0",
            "label": "Anexos",
            "name": "anexos",
            "type": "repeater",
            "instructions": "",
            "required": 0,
            "conditional_logic": 0,
            "wrapper": {
                "width": "",
                "class": "",
                "id": ""
            },
            "collapsed": "",
            "min": 0,
            "max": 0,
            "layout": "table",
            "button_label": "adicionar anexo",
            "sub_fields": [
                {
                    "key": "field_5ce2adc0dbba4",
                    "label": "Adicionar anexo",
                    "name": "itemanexo",
                    "type": "file",
                    "instructions": "",
                    "required": 0,
                    "conditional_logic": 0,
                    "wrapper": {
                        "width": "",
                        "class": "",
                        "id": ""
                    },
                    "return_format": "array",
                    "library": "all",
                    "min_size": "",
                    "max_size": "",
                    "mime_types": ""
                }
            ]
        }
    ],
    "location": [
        [
            {
                "param": "post_type",
                "operator": "==",
                "value": "uabeditais"
            }
        ]
    ],
    "menu_order": 0,
    "position": "acf_after_title",
    "style": "seamless",
    "label_placement": "top",
    "instruction_placement": "label",
    "hide_on_screen": "",
    "active": 1,
    "description": "",
    "modified": 1560180118
}